"codigo";"nombre";"especie";"raza";"edad";"descripcion";"imagen";"disponible";"ciudad";"tamano"
"ANI-001";"Luna";"Perro";"Labrador";"3";"Perro muy cariñoso y sociable";"";"true";"Madrid";"Mediano"
"ANI-002";"Max";"Perro";"Pastor Alemán";"5";"Protector y fiel";"";"true";"Valencia";"Grande"
"ANI-003";"Bella";"Gato";"Siames";"2";"Gata tranquila y elegante";"";"true";"Sevilla";"Pequeño"
"ANI-004";"Rocky";"Perro";"Bulldog";"4";"Le encanta dormir y jugar";"";"true";"Barcelona";"Mediano"
"ANI-005";"Milo";"Gato";"Persa";"1";"Muy juguetón y curioso";"";"true";"Zaragoza";"Pequeño"
"ANI-006";"Nala";"Gato";"Bengala";"3";"Muy activa y cariñosa";"";"true";"Málaga";"Pequeño"
"ANI-007";"Thor";"Perro";"Husky";"2";"Le encanta correr";"";"true";"Madrid";"Mediano"
"ANI-008";"Coco";"Perro";"Caniche";"6";"Muy inteligente y obediente";"";"true";"Valencia";"Grande"
"ANI-009";"Simba";"Gato";"Europeo";"4";"Muy independiente";"";"true";"Sevilla";"Pequeño"
"ANI-010";"Kira";"Perro";"Golden Retriever";"3";"Extremadamente sociable";"";"true";"Barcelona";"Mediano"
"ANI-011";"Leo";"Gato";"Maine Coon";"2";"Grande y tranquilo";"";"true";"Zaragoza";"Pequeño"
"ANI-012";"Lola";"Perro";"Beagle";"5";"Muy activa y curiosa";"";"true";"Málaga";"Pequeño"
"ANI-013";"Zeus";"Perro";"Rottweiler";"6";"Fuerte y protector";"";"true";"Madrid";"Mediano"
"ANI-014";"Mia";"Gato";"Sphynx";"3";"Muy cariñosa";"";"true";"Valencia";"Pequeño"
"ANI-015";"Toby";"Perro";"Chihuahua";"2";"Pequeño pero valiente";"";"true";"Sevilla";"Pequeño"
"ANI-016";"Olivia";"Gato";"Angora";"1";"Dulce y juguetona";"";"true";"Barcelona";"Pequeño"
"ANI-017";"Bruno";"Perro";"Dálmata";"4";"Muy energético";"";"true";"Zaragoza";"Grande"
"ANI-018";"Chloe";"Gato";"Azul Ruso";"5";"Tranquila y observadora";"";"true";"Málaga";"Pequeño"
"ANI-019";"Rex";"Perro";"Boxer";"3";"Muy leal y activo";"";"true";"Madrid";"Mediano"
"ANI-020";"Lia";"Gato";"Europeo";"2";"Muy mimosa";"";"true";"Valencia";"Pequeño"
"ANI-021";"Duke";"Perro";"Labrador";"4";"Muy familiar";"";"true";"Sevilla";"Pequeño"
"ANI-022";"Molly";"Gato";"Siames";"3";"Muy curiosa";"";"true";"Barcelona";"Pequeño"
"ANI-023";"Bobby";"Perro";"Bulldog";"5";"Le encanta dormir";"";"true";"Zaragoza";"Grande"
"ANI-024";"Nina";"Gato";"Persa";"2";"Muy tranquila";"";"true";"Málaga";"Pequeño"
"ANI-025";"Rocko";"Perro";"Pastor Alemán";"6";"Muy protector";"";"true";"Madrid";"Mediano"
"ANI-026";"Luna2";"Perro";"Labrador";"2";"Muy sociable y juguetón";"";"true";"Valencia";"Grande"
"ANI-027";"Max2";"Perro";"Pastor Alemán";"4";"Leal y protector";"";"true";"Sevilla";"Pequeño"
"ANI-028";"Bella2";"Gato";"Siames";"3";"Muy tranquila";"";"true";"Barcelona";"Pequeño"
"ANI-029";"Rocky2";"Perro";"Bulldog";"5";"Le encanta dormir";"";"true";"Zaragoza";"Grande"
"ANI-030";"Milo2";"Gato";"Persa";"2";"Muy curioso";"";"true";"Málaga";"Pequeño"
"ANI-031";"Nala2";"Gato";"Bengala";"4";"Muy activa";"";"true";"Madrid";"Pequeño"
"ANI-032";"Thor2";"Perro";"Husky";"3";"Muy energético";"";"true";"Valencia";"Grande"
"ANI-033";"Coco2";"Perro";"Caniche";"5";"Muy obediente";"";"true";"Sevilla";"Pequeño"
"ANI-034";"Simba2";"Gato";"Europeo";"2";"Independiente";"";"true";"Barcelona";"Pequeño"
"ANI-035";"Kira2";"Perro";"Golden Retriever";"4";"Muy cariñosa";"";"true";"Zaragoza";"Grande"
"ANI-036";"Leo2";"Gato";"Maine Coon";"3";"Muy tranquilo";"";"true";"Málaga";"Pequeño"
"ANI-037";"Lola2";"Perro";"Beagle";"6";"Muy activa";"";"true";"Madrid";"Mediano"
"ANI-038";"Zeus2";"Perro";"Rottweiler";"5";"Muy fuerte";"";"true";"Valencia";"Grande"
"ANI-039";"Mia2";"Gato";"Sphynx";"2";"Muy cariñosa";"";"true";"Sevilla";"Pequeño"
"ANI-040";"Toby2";"Perro";"Chihuahua";"3";"Muy pequeño y valiente";"";"true";"Barcelona";"Mediano"
"ANI-041";"Olivia2";"Gato";"Angora";"2";"Muy dulce";"";"true";"Zaragoza";"Pequeño"
"ANI-042";"Bruno2";"Perro";"Dálmata";"5";"Muy energético";"";"true";"Málaga";"Pequeño"
"ANI-043";"Chloe2";"Gato";"Azul Ruso";"4";"Muy observadora";"";"true";"Madrid";"Pequeño"
"ANI-044";"Rex2";"Perro";"Boxer";"2";"Muy leal";"";"true";"Valencia";"Grande"
"ANI-045";"Lia2";"Gato";"Europeo";"3";"Muy mimosa";"";"true";"Sevilla";"Pequeño"
"ANI-046";"Duke2";"Perro";"Labrador";"6";"Muy familiar";"";"true";"Barcelona";"Mediano"
"ANI-047";"Molly2";"Gato";"Siames";"4";"Muy curiosa";"";"true";"Zaragoza";"Pequeño"
"ANI-048";"Bobby2";"Perro";"Bulldog";"3";"Muy tranquilo";"";"true";"Málaga";"Pequeño"
"ANI-049";"Nina2";"Gato";"Persa";"5";"Muy tranquila";"";"true";"Madrid";"Pequeño"
"ANI-050";"Rocko2";"Perro";"Pastor Alemán";"4";"Muy protector";"";"true";"Valencia";"Grande"
"ANI-051";"Luna3";"Perro";"Labrador";"4";"Muy cariñosa";"";"true";"Sevilla";"Pequeño"
"ANI-052";"Max3";"Perro";"Pastor Alemán";"3";"Muy protector";"";"true";"Barcelona";"Mediano"
"ANI-053";"Bella3";"Gato";"Siames";"2";"Muy elegante";"";"true";"Zaragoza";"Pequeño"
"ANI-054";"Rocky3";"Perro";"Bulldog";"6";"Muy tranquilo";"";"true";"Málaga";"Pequeño"
"ANI-055";"Milo3";"Gato";"Persa";"4";"Muy juguetón";"";"true";"Madrid";"Pequeño"
"ANI-056";"Nala3";"Gato";"Bengala";"5";"Muy activa";"";"true";"Valencia";"Pequeño"
"ANI-057";"Thor3";"Perro";"Husky";"3";"Muy energético";"";"true";"Sevilla";"Pequeño"
"ANI-058";"Coco3";"Perro";"Caniche";"2";"Muy obediente";"";"true";"Barcelona";"Mediano"
"ANI-059";"Simba3";"Gato";"Europeo";"6";"Muy independiente";"";"true";"Zaragoza";"Pequeño"
"ANI-060";"Kira3";"Perro";"Golden Retriever";"5";"Muy sociable";"";"true";"Málaga";"Pequeño"
"ANI-061";"Leo3";"Gato";"Maine Coon";"4";"Muy tranquilo";"";"true";"Madrid";"Pequeño"
"ANI-062";"Lola3";"Perro";"Beagle";"3";"Muy activa";"";"true";"Valencia";"Grande"
"ANI-063";"Zeus3";"Perro";"Rottweiler";"2";"Muy fuerte";"";"true";"Sevilla";"Pequeño"
"ANI-064";"Mia3";"Gato";"Sphynx";"4";"Muy cariñosa";"";"true";"Barcelona";"Pequeño"
"ANI-065";"Toby3";"Perro";"Chihuahua";"5";"Muy valiente";"";"true";"Zaragoza";"Grande"
"ANI-066";"Olivia3";"Gato";"Angora";"3";"Muy dulce";"";"true";"Málaga";"Pequeño"
"ANI-067";"Bruno3";"Perro";"Dálmata";"6";"Muy energético";"";"true";"Madrid";"Mediano"
"ANI-068";"Chloe3";"Gato";"Azul Ruso";"2";"Muy observadora";"";"true";"Valencia";"Pequeño"
"ANI-069";"Rex3";"Perro";"Boxer";"4";"Muy leal";"";"true";"Sevilla";"Pequeño"
"ANI-070";"Lia3";"Gato";"Europeo";"5";"Muy mimosa";"";"true";"Barcelona";"Pequeño"
"ANI-071";"Duke3";"Perro";"Labrador";"3";"Muy familiar";"";"true";"Zaragoza";"Grande"
"ANI-072";"Molly3";"Gato";"Siames";"6";"Muy curiosa";"";"true";"Málaga";"Pequeño"
"ANI-073";"Bobby3";"Perro";"Bulldog";"4";"Muy tranquilo";"";"true";"Madrid";"Mediano"
"ANI-074";"Nina3";"Gato";"Persa";"3";"Muy tranquila";"";"true";"Valencia";"Pequeño"
"ANI-075";"Rocko3";"Perro";"Pastor Alemán";"5";"Muy protector";"";"true";"Sevilla";"Pequeño"
"ANI-076";"Luna4";"Perro";"Labrador";"2";"Muy cariñosa y tranquila";"";"true";"Barcelona";"Mediano"
"ANI-077";"Max4";"Perro";"Pastor Alemán";"5";"Muy protector y leal";"";"true";"Zaragoza";"Grande"
"ANI-078";"Bella4";"Gato";"Siames";"3";"Muy elegante y tranquila";"";"true";"Málaga";"Pequeño"
"ANI-079";"Rocky4";"Perro";"Bulldog";"4";"Muy dormilón";"";"true";"Madrid";"Mediano"
"ANI-080";"Milo4";"Gato";"Persa";"2";"Muy curioso y juguetón";"";"true";"Valencia";"Pequeño"
"ANI-081";"Nala4";"Gato";"Bengala";"6";"Muy activa y cariñosa";"";"true";"Sevilla";"Pequeño"
"ANI-082";"Thor4";"Perro";"Husky";"4";"Muy energético y fuerte";"";"true";"Barcelona";"Mediano"
"ANI-083";"Coco4";"Perro";"Caniche";"3";"Muy obediente y dulce";"";"true";"Zaragoza";"Grande"
"ANI-084";"Simba4";"Gato";"Europeo";"5";"Muy independiente y tranquilo";"";"true";"Málaga";"Pequeño"
"ANI-085";"Kira4";"Perro";"Golden Retriever";"2";"Muy sociable y cariñosa";"";"true";"Madrid";"Mediano"
"ANI-086";"Leo4";"Gato";"Maine Coon";"6";"Muy grande y tranquilo";"";"true";"Valencia";"Pequeño"
"ANI-087";"Lola4";"Perro";"Beagle";"4";"Muy activa y juguetona";"";"true";"Sevilla";"Pequeño"
"ANI-088";"Zeus4";"Perro";"Rottweiler";"3";"Muy fuerte y protector";"";"true";"Barcelona";"Mediano"
"ANI-089";"Mia4";"Gato";"Sphynx";"2";"Muy cariñosa y tranquila";"";"true";"Zaragoza";"Pequeño"
"ANI-090";"Toby4";"Perro";"Chihuahua";"6";"Muy pequeño y valiente";"";"true";"Málaga";"Pequeño"
"ANI-091";"Olivia4";"Gato";"Angora";"4";"Muy dulce y mimosa";"";"true";"Madrid";"Pequeño"
"ANI-092";"Bruno4";"Perro";"Dálmata";"5";"Muy energético y sociable";"";"true";"Valencia";"Grande"
"ANI-093";"Chloe4";"Gato";"Azul Ruso";"3";"Muy observadora y tranquila";"";"true";"Sevilla";"Pequeño"
"ANI-094";"Rex4";"Perro";"Boxer";"2";"Muy leal y juguetón";"";"true";"Barcelona";"Mediano"
"ANI-095";"Lia4";"Gato";"Europeo";"6";"Muy mimosa y tranquila";"";"true";"Zaragoza";"Pequeño"
"ANI-096";"Duke4";"Perro";"Labrador";"4";"Muy familiar y cariñoso";"";"true";"Málaga";"Pequeño"
"ANI-097";"Molly4";"Gato";"Siames";"5";"Muy curiosa y activa";"";"true";"Madrid";"Pequeño"
"ANI-098";"Bobby4";"Perro";"Bulldog";"3";"Muy tranquilo y dormilón";"";"true";"Valencia";"Grande"
"ANI-099";"Nina4";"Gato";"Persa";"2";"Muy tranquila y dulce";"";"true";"Sevilla";"Pequeño"
"ANI-100";"Rocko4";"Perro";"Pastor Alemán";"6";"Muy protector y fuerte";"";"true";"Barcelona";"Mediano"
