"codigo";"usuario_codigo";"animal_codigo";"estado";"mensaje"
"SOL-001";"USR-001";"ANI-001";"pendiente";"Solicitud de ejemplo: dispongo de tiempo para paseos y cuidados y me gustaría conocer sus necesidades."
"SOL-002";"USR-002";"ANI-002";"pendiente";"Solicitud de ejemplo: dispongo de tiempo para paseos y cuidados y me gustaría conocer sus necesidades."
"SOL-003";"USR-003";"ANI-003";"pendiente";"Solicitud de ejemplo: dispongo de tiempo para paseos y cuidados y me gustaría conocer sus necesidades."
"SOL-004";"USR-004";"ANI-004";"pendiente";"Solicitud de ejemplo: dispongo de tiempo para paseos y cuidados y me gustaría conocer sus necesidades."
"SOL-005";"USR-005";"ANI-005";"pendiente";"Solicitud de ejemplo: dispongo de tiempo para paseos y cuidados y me gustaría conocer sus necesidades."
"SOL-006";"USR-006";"ANI-006";"pendiente";"Solicitud de ejemplo: dispongo de tiempo para paseos y cuidados y me gustaría conocer sus necesidades."
"SOL-007";"USR-007";"ANI-007";"pendiente";"Solicitud de ejemplo: dispongo de tiempo para paseos y cuidados y me gustaría conocer sus necesidades."
"SOL-008";"USR-008";"ANI-008";"pendiente";"Solicitud de ejemplo: dispongo de tiempo para paseos y cuidados y me gustaría conocer sus necesidades."
"SOL-009";"USR-009";"ANI-009";"pendiente";"Solicitud de ejemplo: dispongo de tiempo para paseos y cuidados y me gustaría conocer sus necesidades."
"SOL-010";"USR-010";"ANI-010";"pendiente";"Solicitud de ejemplo: dispongo de tiempo para paseos y cuidados y me gustaría conocer sus necesidades."
"SOL-011";"USR-011";"ANI-011";"pendiente";"Solicitud de ejemplo: dispongo de tiempo para paseos y cuidados y me gustaría conocer sus necesidades."
"SOL-012";"USR-012";"ANI-012";"pendiente";"Solicitud de ejemplo: dispongo de tiempo para paseos y cuidados y me gustaría conocer sus necesidades."
"SOL-013";"USR-013";"ANI-013";"pendiente";"Solicitud de ejemplo: dispongo de tiempo para paseos y cuidados y me gustaría conocer sus necesidades."
"SOL-014";"USR-014";"ANI-014";"pendiente";"Solicitud de ejemplo: dispongo de tiempo para paseos y cuidados y me gustaría conocer sus necesidades."
"SOL-015";"USR-015";"ANI-015";"pendiente";"Solicitud de ejemplo: dispongo de tiempo para paseos y cuidados y me gustaría conocer sus necesidades."
"SOL-016";"USR-016";"ANI-016";"pendiente";"Solicitud de ejemplo: dispongo de tiempo para paseos y cuidados y me gustaría conocer sus necesidades."
"SOL-017";"USR-017";"ANI-017";"pendiente";"Solicitud de ejemplo: dispongo de tiempo para paseos y cuidados y me gustaría conocer sus necesidades."
"SOL-018";"USR-018";"ANI-018";"pendiente";"Solicitud de ejemplo: dispongo de tiempo para paseos y cuidados y me gustaría conocer sus necesidades."
"SOL-019";"USR-019";"ANI-019";"pendiente";"Solicitud de ejemplo: dispongo de tiempo para paseos y cuidados y me gustaría conocer sus necesidades."
"SOL-020";"USR-020";"ANI-020";"pendiente";"Solicitud de ejemplo: dispongo de tiempo para paseos y cuidados y me gustaría conocer sus necesidades."
"SOL-021";"USR-021";"ANI-021";"pendiente";"Solicitud de ejemplo: dispongo de tiempo para paseos y cuidados y me gustaría conocer sus necesidades."
"SOL-022";"USR-022";"ANI-022";"pendiente";"Solicitud de ejemplo: dispongo de tiempo para paseos y cuidados y me gustaría conocer sus necesidades."
"SOL-023";"USR-023";"ANI-023";"pendiente";"Solicitud de ejemplo: dispongo de tiempo para paseos y cuidados y me gustaría conocer sus necesidades."
"SOL-024";"USR-024";"ANI-024";"pendiente";"Solicitud de ejemplo: dispongo de tiempo para paseos y cuidados y me gustaría conocer sus necesidades."
"SOL-025";"USR-025";"ANI-025";"pendiente";"Solicitud de ejemplo: dispongo de tiempo para paseos y cuidados y me gustaría conocer sus necesidades."
"SOL-026";"USR-026";"ANI-026";"pendiente";"Solicitud de ejemplo: dispongo de tiempo para paseos y cuidados y me gustaría conocer sus necesidades."
"SOL-027";"USR-027";"ANI-027";"pendiente";"Solicitud de ejemplo: dispongo de tiempo para paseos y cuidados y me gustaría conocer sus necesidades."
"SOL-028";"USR-028";"ANI-028";"pendiente";"Solicitud de ejemplo: dispongo de tiempo para paseos y cuidados y me gustaría conocer sus necesidades."
"SOL-029";"USR-029";"ANI-029";"pendiente";"Solicitud de ejemplo: dispongo de tiempo para paseos y cuidados y me gustaría conocer sus necesidades."
"SOL-030";"USR-030";"ANI-030";"pendiente";"Solicitud de ejemplo: dispongo de tiempo para paseos y cuidados y me gustaría conocer sus necesidades."
"SOL-031";"USR-001";"ANI-031";"pendiente";"Solicitud de ejemplo: dispongo de tiempo para paseos y cuidados y me gustaría conocer sus necesidades."
"SOL-032";"USR-002";"ANI-032";"pendiente";"Solicitud de ejemplo: dispongo de tiempo para paseos y cuidados y me gustaría conocer sus necesidades."
"SOL-033";"USR-003";"ANI-033";"pendiente";"Solicitud de ejemplo: dispongo de tiempo para paseos y cuidados y me gustaría conocer sus necesidades."
"SOL-034";"USR-004";"ANI-034";"pendiente";"Solicitud de ejemplo: dispongo de tiempo para paseos y cuidados y me gustaría conocer sus necesidades."
"SOL-035";"USR-005";"ANI-035";"pendiente";"Solicitud de ejemplo: dispongo de tiempo para paseos y cuidados y me gustaría conocer sus necesidades."
"SOL-036";"USR-006";"ANI-036";"pendiente";"Solicitud de ejemplo: dispongo de tiempo para paseos y cuidados y me gustaría conocer sus necesidades."
"SOL-037";"USR-007";"ANI-037";"pendiente";"Solicitud de ejemplo: dispongo de tiempo para paseos y cuidados y me gustaría conocer sus necesidades."
"SOL-038";"USR-008";"ANI-038";"pendiente";"Solicitud de ejemplo: dispongo de tiempo para paseos y cuidados y me gustaría conocer sus necesidades."
"SOL-039";"USR-009";"ANI-039";"pendiente";"Solicitud de ejemplo: dispongo de tiempo para paseos y cuidados y me gustaría conocer sus necesidades."
"SOL-040";"USR-010";"ANI-040";"pendiente";"Solicitud de ejemplo: dispongo de tiempo para paseos y cuidados y me gustaría conocer sus necesidades."
