"codigo";"name";"email"
"USR-001";"Persona de ejemplo 1";"adoptante1@example.org"
"USR-002";"Persona de ejemplo 2";"adoptante2@example.org"
"USR-003";"Persona de ejemplo 3";"adoptante3@example.org"
"USR-004";"Persona de ejemplo 4";"adoptante4@example.org"
"USR-005";"Persona de ejemplo 5";"adoptante5@example.org"
"USR-006";"Persona de ejemplo 6";"adoptante6@example.org"
"USR-007";"Persona de ejemplo 7";"adoptante7@example.org"
"USR-008";"Persona de ejemplo 8";"adoptante8@example.org"
"USR-009";"Persona de ejemplo 9";"adoptante9@example.org"
"USR-010";"Persona de ejemplo 10";"adoptante10@example.org"
"USR-011";"Persona de ejemplo 11";"adoptante11@example.org"
"USR-012";"Persona de ejemplo 12";"adoptante12@example.org"
"USR-013";"Persona de ejemplo 13";"adoptante13@example.org"
"USR-014";"Persona de ejemplo 14";"adoptante14@example.org"
"USR-015";"Persona de ejemplo 15";"adoptante15@example.org"
"USR-016";"Persona de ejemplo 16";"adoptante16@example.org"
"USR-017";"Persona de ejemplo 17";"adoptante17@example.org"
"USR-018";"Persona de ejemplo 18";"adoptante18@example.org"
"USR-019";"Persona de ejemplo 19";"adoptante19@example.org"
"USR-020";"Persona de ejemplo 20";"adoptante20@example.org"
"USR-021";"Persona de ejemplo 21";"adoptante21@example.org"
"USR-022";"Persona de ejemplo 22";"adoptante22@example.org"
"USR-023";"Persona de ejemplo 23";"adoptante23@example.org"
"USR-024";"Persona de ejemplo 24";"adoptante24@example.org"
"USR-025";"Persona de ejemplo 25";"adoptante25@example.org"
"USR-026";"Persona de ejemplo 26";"adoptante26@example.org"
"USR-027";"Persona de ejemplo 27";"adoptante27@example.org"
"USR-028";"Persona de ejemplo 28";"adoptante28@example.org"
"USR-029";"Persona de ejemplo 29";"adoptante29@example.org"
"USR-030";"Persona de ejemplo 30";"adoptante30@example.org"
